{"stats":{"minecraft:killed":{"minecraft:sheep":2,"minecraft:pig":2,"minecraft:cow":2},"minecraft:crafted":{"minecraft:cooked_beef":6,"minecraft:crafting_table":1,"minecraft:stick":36,"minecraft:wooden_pickaxe":1,"minecraft:stone_pickaxe":1,"minecraft:wooden_axe":1,"minecraft:furnace":1,"minecraft:white_bed":1,"minecraft:birch_planks":40,"minecraft:stone_axe":1,"minecraft:air":0},"minecraft:mined":{"minecraft:white_bed":1,"minecraft:birch_log":26,"minecraft:crafting_table":2,"minecraft:peony":1,"minecraft:grass":4,"minecraft:grass_block":1,"minecraft:oak_log":6,"minecraft:dirt":1,"minecraft:stone":19,"minecraft:oak_leaves":1},"minecraft:custom":{"minecraft:time_since_rest":1063,"minecraft:interact_with_furnace":7,"minecraft:sprint_one_cm":28442,"minecraft:damage_taken":70,"minecraft:walk_one_cm":37916,"minecraft:mob_kills":6,"minecraft:damage_dealt":690,"minecraft:fly_one_cm":22629,"minecraft:interact_with_crafting_table":11,"minecraft:crouch_one_cm":841,"minecraft:play_time":12000,"minecraft:sneak_time":387,"minecraft:jump":173,"minecraft:time_since_death":12000,"minecraft:sleep_in_bed":1,"minecraft:total_world_time":12000,"minecraft:fall_one_cm":3520},"minecraft:picked_up":{"minecraft:birch_log":26,"minecraft:crafting_table":2,"minecraft:leather":1,"minecraft:porkchop":3,"minecraft:oak_log":6,"minecraft:white_bed":1,"minecraft:dirt":2,"minecraft:peony":1,"minecraft:beef":8,"minecraft:mutton":3,"minecraft:white_wool":4,"minecraft:cobblestone":19},"minecraft:used":{"minecraft:wooden_axe":16,"minecraft:wooden_pickaxe":20,"minecraft:stone_axe":22,"minecraft:crafting_table":3,"minecraft:furnace":1,"minecraft:white_bed":1,"minecraft:cooked_beef":2}},"DataVersion":3465}