{"stats":{"minecraft:killed":{"minecraft:pig":2,"minecraft:salmon":6,"minecraft:spider":1,"minecraft:skeleton":1,"minecraft:sheep":5,"minecraft:zombie":9,"minecraft:cow":4},"minecraft:dropped":{"minecraft:wheat_seeds":2,"minecraft:clay_ball":56,"minecraft:leather":1,"minecraft:white_bed":1,"minecraft:peony":2,"minecraft:oak_sapling":4,"minecraft:white_wool":8},"minecraft:crafted":{"minecraft:cooked_beef":10,"minecraft:stone_shovel":1,"minecraft:cooked_porkchop":3,"minecraft:crafting_table":1,"minecraft:wooden_pickaxe":1,"minecraft:furnace":2,"minecraft:cooked_salmon":6,"minecraft:birch_planks":108,"minecraft:stone_axe":3,"minecraft:cooked_mutton":6,"minecraft:air":0,"minecraft:golden_apple":1,"minecraft:charcoal":4,"minecraft:shield":1,"minecraft:stick":44,"minecraft:iron_ingot":4,"minecraft:iron_pickaxe":1,"minecraft:stone_pickaxe":3,"minecraft:wooden_axe":1,"minecraft:gold_ingot":13,"minecraft:white_bed":1,"minecraft:torch":92,"minecraft:golden_boots":1},"minecraft:broken":{"minecraft:stone_pickaxe":1,"minecraft:stone_axe":1},"minecraft:mined":{"minecraft:tuff":14,"minecraft:white_bed":1,"minecraft:deepslate_diamond_ore":1,"minecraft:clay":7,"minecraft:crafting_table":10,"minecraft:granite":3,"minecraft:grass_block":3,"minecraft:deepslate_gold_ore":20,"minecraft:sugar_cane":4,"minecraft:furnace":7,"minecraft:cobbled_deepslate":8,"minecraft:birch_log":27,"minecraft:iron_ore":1,"minecraft:peony":1,"minecraft:grass":6,"minecraft:oak_log":61,"minecraft:coal_ore":60,"minecraft:deepslate_iron_ore":22,"minecraft:gravel":43,"minecraft:dirt":1,"minecraft:stone":90,"minecraft:deepslate":98,"minecraft:oak_leaves":6},"minecraft:custom":{"minecraft:interact_with_furnace":50,"minecraft:mob_kills":29,"minecraft:interact_with_crafting_table":27,"minecraft:time_since_death":60000,"minecraft:sleep_in_bed":1,"minecraft:time_since_rest":49063,"minecraft:sprint_one_cm":171093,"minecraft:damage_taken":599,"minecraft:walk_one_cm":144962,"minecraft:damage_blocked_by_shield":225,"minecraft:drop":11,"minecraft:damage_dealt":3698,"minecraft:swim_one_cm":36859,"minecraft:fly_one_cm":140500,"minecraft:crouch_one_cm":6458,"minecraft:play_time":60000,"minecraft:sneak_time":2494,"minecraft:walk_under_water_one_cm":9396,"minecraft:jump":1156,"minecraft:walk_on_water_one_cm":13202,"minecraft:total_world_time":60000,"minecraft:fall_one_cm":30659},"minecraft:picked_up":{"minecraft:birch_log":27,"minecraft:crafting_table":11,"minecraft:clay_ball":56,"minecraft:salmon":6,"minecraft:leather":2,"minecraft:flint":3,"minecraft:tuff":14,"minecraft:oak_log":62,"minecraft:moss_carpet":2,"minecraft:string":2,"minecraft:dirt":4,"minecraft:apple":1,"minecraft:wheat_seeds":2,"minecraft:cobbled_deepslate":111,"minecraft:raw_gold":21,"minecraft:beef":11,"minecraft:sugar_cane":7,"minecraft:flowering_azalea":1,"minecraft:furnace":7,"minecraft:stick":5,"minecraft:raw_iron":23,"minecraft:torch":3,"minecraft:gravel":40,"minecraft:porkchop":3,"minecraft:white_bed":2,"minecraft:carrot":1,"minecraft:rotten_flesh":6,"minecraft:diamond":1,"minecraft:peony":2,"minecraft:granite":3,"minecraft:oak_sapling":4,"minecraft:mutton":6,"minecraft:coal":172,"minecraft:white_wool":11,"minecraft:cobblestone":103},"minecraft:used":{"minecraft:birch_planks":2,"minecraft:stone_shovel":44,"minecraft:stone_pickaxe":252,"minecraft:shield":5,"minecraft:wooden_pickaxe":20,"minecraft:sugar_cane":7,"minecraft:cooked_salmon":3,"minecraft:torch":54,"minecraft:dirt":3,"minecraft:crafting_table":10,"minecraft:white_bed":1,"minecraft:granite":3,"minecraft:wooden_axe":16,"minecraft:iron_pickaxe":61,"minecraft:gravel":40,"minecraft:stone_axe":141,"minecraft:cobblestone":4,"minecraft:furnace":7,"minecraft:cooked_porkchop":3,"minecraft:cooked_beef":4,"minecraft:cobbled_deepslate":58}},"DataVersion":3465}