{"stats":{"minecraft:killed":{"minecraft:pig":2,"minecraft:salmon":6,"minecraft:spider":1,"minecraft:skeleton":1,"minecraft:sheep":5,"minecraft:zombie":6,"minecraft:cow":4},"minecraft:dropped":{"minecraft:white_bed":1},"minecraft:crafted":{"minecraft:cooked_beef":10,"minecraft:stone_shovel":1,"minecraft:cooked_porkchop":3,"minecraft:crafting_table":1,"minecraft:wooden_pickaxe":1,"minecraft:furnace":2,"minecraft:cooked_salmon":6,"minecraft:birch_planks":108,"minecraft:stone_axe":3,"minecraft:cooked_mutton":6,"minecraft:air":0,"minecraft:charcoal":4,"minecraft:shield":1,"minecraft:stick":36,"minecraft:iron_ingot":1,"minecraft:stone_pickaxe":3,"minecraft:wooden_axe":1,"minecraft:white_bed":1,"minecraft:torch":28},"minecraft:broken":{"minecraft:stone_pickaxe":1,"minecraft:stone_axe":1},"minecraft:mined":{"minecraft:tuff":14,"minecraft:white_bed":1,"minecraft:clay":7,"minecraft:crafting_table":8,"minecraft:granite":3,"minecraft:grass_block":3,"minecraft:sugar_cane":4,"minecraft:furnace":4,"minecraft:cobbled_deepslate":8,"minecraft:birch_log":27,"minecraft:iron_ore":1,"minecraft:peony":1,"minecraft:grass":6,"minecraft:oak_log":61,"minecraft:coal_ore":60,"minecraft:gravel":43,"minecraft:dirt":1,"minecraft:stone":90,"minecraft:deepslate":79,"minecraft:oak_leaves":6},"minecraft:custom":{"minecraft:interact_with_furnace":31,"minecraft:mob_kills":26,"minecraft:interact_with_crafting_table":21,"minecraft:time_since_death":48000,"minecraft:sleep_in_bed":1,"minecraft:time_since_rest":37063,"minecraft:sprint_one_cm":142609,"minecraft:damage_taken":414,"minecraft:walk_one_cm":125034,"minecraft:damage_blocked_by_shield":65,"minecraft:drop":1,"minecraft:damage_dealt":3097,"minecraft:swim_one_cm":36859,"minecraft:fly_one_cm":117942,"minecraft:crouch_one_cm":1828,"minecraft:play_time":48000,"minecraft:sneak_time":823,"minecraft:walk_under_water_one_cm":7658,"minecraft:jump":899,"minecraft:walk_on_water_one_cm":12128,"minecraft:total_world_time":48000,"minecraft:fall_one_cm":23060},"minecraft:picked_up":{"minecraft:birch_log":27,"minecraft:crafting_table":9,"minecraft:clay_ball":28,"minecraft:salmon":6,"minecraft:leather":1,"minecraft:flint":3,"minecraft:tuff":14,"minecraft:oak_log":62,"minecraft:string":2,"minecraft:dirt":4,"minecraft:apple":1,"minecraft:wheat_seeds":1,"minecraft:cobbled_deepslate":88,"minecraft:beef":11,"minecraft:sugar_cane":7,"minecraft:furnace":4,"minecraft:stick":5,"minecraft:raw_iron":1,"minecraft:gravel":40,"minecraft:porkchop":3,"minecraft:white_bed":2,"minecraft:carrot":1,"minecraft:rotten_flesh":4,"minecraft:peony":1,"minecraft:granite":3,"minecraft:oak_sapling":4,"minecraft:mutton":6,"minecraft:coal":102,"minecraft:white_wool":7,"minecraft:cobblestone":103},"minecraft:used":{"minecraft:birch_planks":2,"minecraft:stone_shovel":44,"minecraft:stone_pickaxe":248,"minecraft:shield":2,"minecraft:wooden_pickaxe":20,"minecraft:sugar_cane":7,"minecraft:torch":27,"minecraft:dirt":3,"minecraft:crafting_table":8,"minecraft:white_bed":1,"minecraft:granite":2,"minecraft:wooden_axe":16,"minecraft:gravel":40,"minecraft:stone_axe":129,"minecraft:cobblestone":3,"minecraft:furnace":4,"minecraft:cooked_porkchop":3,"minecraft:cooked_beef":4,"minecraft:cobbled_deepslate":11}},"DataVersion":3465}