{"stats":{"minecraft:killed":{"minecraft:pig":2,"minecraft:salmon":6,"minecraft:spider":1,"minecraft:skeleton":1,"minecraft:sheep":5,"minecraft:zombie":10,"minecraft:cow":4},"minecraft:dropped":{"minecraft:moss_carpet":2,"minecraft:wheat_seeds":2,"minecraft:clay_ball":56,"minecraft:leather":1,"minecraft:white_bed":1,"minecraft:peony":2,"minecraft:oak_sapling":4,"minecraft:flowering_azalea":1,"minecraft:white_wool":8},"minecraft:crafted":{"minecraft:cooked_beef":10,"minecraft:stone_shovel":1,"minecraft:cooked_porkchop":3,"minecraft:crafting_table":1,"minecraft:iron_helmet":1,"minecraft:wooden_pickaxe":1,"minecraft:furnace":2,"minecraft:cooked_salmon":6,"minecraft:bucket":1,"minecraft:birch_planks":108,"minecraft:stone_axe":3,"minecraft:cooked_mutton":6,"minecraft:air":0,"minecraft:iron_chestplate":1,"minecraft:golden_apple":1,"minecraft:charcoal":4,"minecraft:shield":1,"minecraft:stick":44,"minecraft:iron_ingot":42,"minecraft:iron_pickaxe":1,"minecraft:stone_pickaxe":3,"minecraft:wooden_axe":1,"minecraft:iron_leggings":1,"minecraft:gold_ingot":21,"minecraft:white_bed":1,"minecraft:birch_door":3,"minecraft:torch":92,"minecraft:golden_boots":1},"minecraft:broken":{"minecraft:stone_pickaxe":2,"minecraft:stone_axe":1},"minecraft:mined":{"minecraft:tuff":14,"minecraft:white_bed":1,"minecraft:deepslate_diamond_ore":3,"minecraft:clay":7,"minecraft:crafting_table":14,"minecraft:granite":3,"minecraft:grass_block":3,"minecraft:deepslate_gold_ore":20,"minecraft:sugar_cane":4,"minecraft:diorite":16,"minecraft:furnace":9,"minecraft:cobbled_deepslate":8,"minecraft:birch_log":27,"minecraft:iron_ore":1,"minecraft:peony":1,"minecraft:grass":6,"minecraft:oak_log":61,"minecraft:coal_ore":60,"minecraft:deepslate_iron_ore":41,"minecraft:gravel":43,"minecraft:dirt":1,"minecraft:stone":113,"minecraft:deepslate":113,"minecraft:oak_leaves":6},"minecraft:custom":{"minecraft:interact_with_furnace":103,"minecraft:mob_kills":30,"minecraft:interact_with_crafting_table":39,"minecraft:time_since_death":72000,"minecraft:sleep_in_bed":1,"minecraft:climb_one_cm":933,"minecraft:time_since_rest":61063,"minecraft:sprint_one_cm":187430,"minecraft:damage_taken":841,"minecraft:walk_one_cm":157792,"minecraft:damage_blocked_by_shield":225,"minecraft:drop":14,"minecraft:damage_dealt":3898,"minecraft:swim_one_cm":56012,"minecraft:fly_one_cm":155367,"minecraft:crouch_one_cm":7064,"minecraft:play_time":72000,"minecraft:sneak_time":3015,"minecraft:walk_under_water_one_cm":17708,"minecraft:jump":1341,"minecraft:walk_on_water_one_cm":18543,"minecraft:total_world_time":72000,"minecraft:fall_one_cm":33934},"minecraft:picked_up":{"minecraft:birch_log":27,"minecraft:crafting_table":15,"minecraft:clay_ball":56,"minecraft:salmon":6,"minecraft:leather":2,"minecraft:flint":3,"minecraft:tuff":14,"minecraft:oak_log":62,"minecraft:moss_carpet":2,"minecraft:string":2,"minecraft:dirt":4,"minecraft:apple":1,"minecraft:wheat_seeds":2,"minecraft:cobbled_deepslate":126,"minecraft:raw_gold":21,"minecraft:beef":11,"minecraft:sugar_cane":7,"minecraft:flowering_azalea":1,"minecraft:furnace":9,"minecraft:stick":5,"minecraft:raw_iron":42,"minecraft:torch":3,"minecraft:gravel":40,"minecraft:porkchop":3,"minecraft:diorite":16,"minecraft:white_bed":2,"minecraft:carrot":1,"minecraft:rotten_flesh":7,"minecraft:diamond":3,"minecraft:peony":2,"minecraft:granite":3,"minecraft:oak_sapling":4,"minecraft:mutton":6,"minecraft:coal":199,"minecraft:white_wool":11,"minecraft:cobblestone":126},"minecraft:used":{"minecraft:birch_planks":2,"minecraft:stone_shovel":44,"minecraft:stone_pickaxe":283,"minecraft:shield":5,"minecraft:wooden_pickaxe":20,"minecraft:sugar_cane":7,"minecraft:cooked_salmon":4,"minecraft:torch":57,"minecraft:dirt":3,"minecraft:crafting_table":14,"minecraft:white_bed":1,"minecraft:granite":3,"minecraft:birch_door":1,"minecraft:wooden_axe":16,"minecraft:iron_pickaxe":107,"minecraft:gravel":40,"minecraft:stone_axe":148,"minecraft:cobblestone":4,"minecraft:furnace":9,"minecraft:cooked_porkchop":3,"minecraft:bucket":1,"minecraft:cooked_beef":5,"minecraft:cobbled_deepslate":93}},"DataVersion":3465}