{"stats":{"minecraft:killed":{"minecraft:sheep":5,"minecraft:pig":2,"minecraft:salmon":6,"minecraft:cow":4},"minecraft:crafted":{"minecraft:cooked_beef":7,"minecraft:stone_shovel":1,"minecraft:charcoal":4,"minecraft:cooked_porkchop":3,"minecraft:crafting_table":1,"minecraft:stick":36,"minecraft:wooden_pickaxe":1,"minecraft:stone_pickaxe":1,"minecraft:wooden_axe":1,"minecraft:furnace":1,"minecraft:white_bed":1,"minecraft:torch":24,"minecraft:birch_planks":108,"minecraft:stone_axe":1,"minecraft:air":0},"minecraft:mined":{"minecraft:white_bed":1,"minecraft:furnace":2,"minecraft:birch_log":27,"minecraft:crafting_table":4,"minecraft:peony":1,"minecraft:grass":6,"minecraft:coal_ore":6,"minecraft:grass_block":2,"minecraft:oak_log":61,"minecraft:gravel":43,"minecraft:dirt":1,"minecraft:stone":23,"minecraft:sugar_cane":4,"minecraft:oak_leaves":6},"minecraft:custom":{"minecraft:time_since_rest":13063,"minecraft:interact_with_furnace":13,"minecraft:sprint_one_cm":86956,"minecraft:damage_taken":160,"minecraft:walk_one_cm":76550,"minecraft:mob_kills":17,"minecraft:damage_dealt":1410,"minecraft:swim_one_cm":7633,"minecraft:fly_one_cm":64591,"minecraft:interact_with_crafting_table":15,"minecraft:crouch_one_cm":934,"minecraft:play_time":24000,"minecraft:sneak_time":475,"minecraft:walk_under_water_one_cm":2859,"minecraft:jump":475,"minecraft:walk_on_water_one_cm":2074,"minecraft:time_since_death":24000,"minecraft:sleep_in_bed":1,"minecraft:total_world_time":24000,"minecraft:fall_one_cm":10682},"minecraft:picked_up":{"minecraft:birch_log":27,"minecraft:stick":5,"minecraft:crafting_table":4,"minecraft:salmon":6,"minecraft:leather":1,"minecraft:gravel":40,"minecraft:flint":3,"minecraft:porkchop":3,"minecraft:oak_log":62,"minecraft:white_bed":1,"minecraft:dirt":3,"minecraft:apple":1,"minecraft:wheat_seeds":1,"minecraft:peony":1,"minecraft:beef":11,"minecraft:oak_sapling":4,"minecraft:coal":6,"minecraft:sugar_cane":7,"minecraft:mutton":6,"minecraft:white_wool":7,"minecraft:cobblestone":23,"minecraft:furnace":2},"minecraft:used":{"minecraft:wooden_axe":16,"minecraft:stone_shovel":44,"minecraft:stone_pickaxe":12,"minecraft:wooden_pickaxe":20,"minecraft:sugar_cane":7,"minecraft:torch":6,"minecraft:stone_axe":101,"minecraft:crafting_table":4,"minecraft:furnace":2,"minecraft:white_bed":1,"minecraft:cooked_beef":3}},"DataVersion":3465}