{"stats":{"minecraft:killed":{"minecraft:sheep":1,"minecraft:zombie":2,"minecraft:pig":4,"minecraft:chicken":7},"minecraft:dropped":{"minecraft:oak_planks":11},"minecraft:crafted":{"minecraft:oak_planks":56,"minecraft:cooked_porkchop":9,"minecraft:crafting_table":1,"minecraft:stick":20,"minecraft:iron_pickaxe":1,"minecraft:iron_ingot":3,"minecraft:cooked_chicken":7,"minecraft:wooden_pickaxe":1,"minecraft:stone_pickaxe":2,"minecraft:stone_sword":1,"minecraft:furnace":2,"minecraft:birch_planks":8},"minecraft:broken":{"minecraft:stone_pickaxe":1,"minecraft:wooden_pickaxe":1},"minecraft:mined":{"minecraft:furnace":2,"minecraft:iron_ore":3,"minecraft:birch_log":2,"minecraft:crafting_table":2,"minecraft:grass":9,"minecraft:coal_ore":45,"minecraft:oak_log":15,"minecraft:grass_block":3,"minecraft:gravel":1,"minecraft:dirt":1,"minecraft:stone":49,"minecraft:oak_leaves":12},"minecraft:custom":{"minecraft:time_since_rest":18000,"minecraft:interact_with_furnace":11,"minecraft:sprint_one_cm":32632,"minecraft:damage_taken":150,"minecraft:walk_one_cm":71360,"minecraft:mob_kills":14,"minecraft:drop":1,"minecraft:damage_dealt":1162,"minecraft:interact_with_crafting_table":7,"minecraft:fly_one_cm":14697,"minecraft:crouch_one_cm":79,"minecraft:play_time":18000,"minecraft:sneak_time":39,"minecraft:walk_under_water_one_cm":225,"minecraft:jump":267,"minecraft:walk_on_water_one_cm":2064,"minecraft:time_since_death":18000,"minecraft:total_world_time":18000,"minecraft:fall_one_cm":3180},"minecraft:picked_up":{"minecraft:birch_log":2,"minecraft:raw_iron":3,"minecraft:crafting_table":2,"minecraft:feather":10,"minecraft:chicken":7,"minecraft:gravel":1,"minecraft:porkchop":9,"minecraft:oak_log":14,"minecraft:dirt":4,"minecraft:rotten_flesh":2,"minecraft:oak_sapling":4,"minecraft:mutton":1,"minecraft:oak_planks":11,"minecraft:coal":86,"minecraft:white_wool":1,"minecraft:cobblestone":49,"minecraft:furnace":2},"minecraft:used":{"minecraft:stone_sword":23,"minecraft:stone_pickaxe":116,"minecraft:iron_pickaxe":1,"minecraft:wooden_pickaxe":34,"minecraft:gravel":1,"minecraft:cooked_chicken":2,"minecraft:crafting_table":2,"minecraft:furnace":2,"minecraft:oak_sapling":4,"minecraft:cooked_porkchop":1}},"DataVersion":3465}