{"stats":{"minecraft:killed":{"minecraft:pig":1},"minecraft:dropped":{"minecraft:oak_planks":11},"minecraft:crafted":{"minecraft:oak_planks":56,"minecraft:birch_planks":8,"minecraft:crafting_table":1,"minecraft:stick":4,"minecraft:stone_pickaxe":1,"minecraft:wooden_pickaxe":1},"minecraft:mined":{"minecraft:grass":2,"minecraft:grass_block":3,"minecraft:oak_log":15,"minecraft:dirt":1,"minecraft:birch_log":2,"minecraft:stone":3,"minecraft:crafting_table":1,"minecraft:oak_leaves":6},"minecraft:custom":{"minecraft:time_since_rest":6000,"minecraft:crouch_one_cm":79,"minecraft:play_time":6000,"minecraft:sprint_one_cm":6839,"minecraft:damage_taken":30,"minecraft:walk_one_cm":21250,"minecraft:sneak_time":22,"minecraft:walk_under_water_one_cm":225,"minecraft:mob_kills":1,"minecraft:drop":1,"minecraft:jump":109,"minecraft:damage_dealt":167,"minecraft:time_since_death":6000,"minecraft:walk_on_water_one_cm":1144,"minecraft:total_world_time":6000,"minecraft:interact_with_crafting_table":2,"minecraft:fall_one_cm":1380,"minecraft:fly_one_cm":4564},"minecraft:picked_up":{"minecraft:birch_log":2,"minecraft:crafting_table":1,"minecraft:porkchop":3,"minecraft:oak_log":14,"minecraft:oak_planks":11,"minecraft:dirt":4,"minecraft:cobblestone":3},"minecraft:used":{"minecraft:crafting_table":1,"minecraft:wooden_pickaxe":12}},"DataVersion":3465}