{"stats":{"minecraft:killed":{"minecraft:pig":5,"minecraft:sheep":4,"minecraft:zombie":3,"minecraft:chicken":8},"minecraft:dropped":{"minecraft:oak_planks":11},"minecraft:crafted":{"minecraft:oak_planks":56,"minecraft:cooked_porkchop":12,"minecraft:crafting_table":1,"minecraft:wooden_pickaxe":1,"minecraft:cooked_chicken":8,"minecraft:iron_sword":1,"minecraft:furnace":2,"minecraft:birch_planks":8,"minecraft:cooked_mutton":4,"minecraft:stick":20,"minecraft:iron_ingot":7,"minecraft:iron_pickaxe":1,"minecraft:stone_pickaxe":2,"minecraft:stone_sword":1,"minecraft:white_bed":1,"minecraft:torch":24},"minecraft:broken":{"minecraft:stone_pickaxe":1,"minecraft:wooden_pickaxe":1},"minecraft:mined":{"minecraft:white_bed":1,"minecraft:powder_snow":8,"minecraft:crafting_table":3,"minecraft:glow_lichen":1,"minecraft:torch":1,"minecraft:emerald_ore":1,"minecraft:grass_block":6,"minecraft:tall_grass":1,"minecraft:diorite":2,"minecraft:wall_torch":1,"minecraft:furnace":4,"minecraft:birch_log":2,"minecraft:iron_ore":14,"minecraft:grass":14,"minecraft:oak_log":15,"minecraft:coal_ore":91,"minecraft:deepslate_iron_ore":12,"minecraft:gravel":1,"minecraft:dirt":1,"minecraft:stone":57,"minecraft:deepslate":4,"minecraft:oak_leaves":12},"minecraft:custom":{"minecraft:interact_with_furnace":15,"minecraft:mob_kills":21,"minecraft:interact_with_crafting_table":9,"minecraft:time_since_death":30000,"minecraft:sleep_in_bed":1,"minecraft:time_since_rest":11090,"minecraft:sprint_one_cm":35292,"minecraft:damage_taken":415,"minecraft:walk_one_cm":110125,"minecraft:drop":1,"minecraft:damage_dealt":1814,"minecraft:fly_one_cm":17193,"minecraft:crouch_one_cm":956,"minecraft:play_time":30000,"minecraft:sneak_time":390,"minecraft:walk_under_water_one_cm":225,"minecraft:jump":365,"minecraft:walk_on_water_one_cm":2064,"minecraft:total_world_time":30000,"minecraft:fall_one_cm":6836},"minecraft:picked_up":{"minecraft:birch_log":2,"minecraft:crafting_table":3,"minecraft:feather":10,"minecraft:chicken":8,"minecraft:oak_log":14,"minecraft:dirt":7,"minecraft:cobbled_deepslate":4,"minecraft:oak_planks":11,"minecraft:furnace":4,"minecraft:raw_iron":26,"minecraft:torch":2,"minecraft:gravel":1,"minecraft:porkchop":12,"minecraft:diorite":2,"minecraft:white_bed":1,"minecraft:rotten_flesh":2,"minecraft:emerald":1,"minecraft:oak_sapling":4,"minecraft:black_wool":1,"minecraft:mutton":4,"minecraft:coal":164,"minecraft:white_wool":3,"minecraft:cobblestone":63},"minecraft:used":{"minecraft:diorite":2,"minecraft:stone_sword":77,"minecraft:stone_pickaxe":201,"minecraft:wooden_pickaxe":34,"minecraft:iron_sword":14,"minecraft:cooked_chicken":4,"minecraft:torch":19,"minecraft:dirt":7,"minecraft:crafting_table":4,"minecraft:white_bed":1,"minecraft:iron_pickaxe":3,"minecraft:gravel":1,"minecraft:oak_sapling":4,"minecraft:furnace":4,"minecraft:cooked_porkchop":1}},"DataVersion":3465}