{"stats":{"minecraft:killed_by":{"minecraft:cave_spider":1},"minecraft:killed":{"minecraft:pig":5,"minecraft:sheep":9,"minecraft:zombie":3,"minecraft:chicken":8},"minecraft:dropped":{"minecraft:oak_planks":11},"minecraft:crafted":{"minecraft:oak_planks":56,"minecraft:cooked_porkchop":12,"minecraft:crafting_table":2,"minecraft:wooden_pickaxe":2,"minecraft:cooked_chicken":8,"minecraft:iron_sword":1,"minecraft:furnace":2,"minecraft:birch_planks":84,"minecraft:cooked_mutton":4,"minecraft:stick":24,"minecraft:iron_ingot":7,"minecraft:iron_pickaxe":1,"minecraft:stone_pickaxe":2,"minecraft:wooden_axe":1,"minecraft:stone_sword":1,"minecraft:gold_ingot":1,"minecraft:white_bed":1,"minecraft:torch":24},"minecraft:broken":{"minecraft:stone_pickaxe":1,"minecraft:wooden_pickaxe":1},"minecraft:mined":{"minecraft:white_bed":1,"minecraft:powder_snow":8,"minecraft:crafting_table":3,"minecraft:glow_lichen":1,"minecraft:torch":1,"minecraft:emerald_ore":1,"minecraft:grass_block":7,"minecraft:melon":11,"minecraft:tall_grass":1,"minecraft:sugar_cane":6,"minecraft:diorite":2,"minecraft:wall_torch":1,"minecraft:furnace":4,"minecraft:birch_log":21,"minecraft:iron_ore":14,"minecraft:birch_leaves":8,"minecraft:grass":67,"minecraft:oak_log":15,"minecraft:coal_ore":91,"minecraft:cocoa":1,"minecraft:deepslate_iron_ore":12,"minecraft:gravel":1,"minecraft:dirt":1,"minecraft:cobweb":6,"minecraft:bamboo":1,"minecraft:stone":57,"minecraft:deepslate":23,"minecraft:oak_leaves":12,"minecraft:fern":3},"minecraft:custom":{"minecraft:interact_with_furnace":15,"minecraft:mob_kills":26,"minecraft:interact_with_crafting_table":12,"minecraft:leave_game":1,"minecraft:time_since_death":8803,"minecraft:sleep_in_bed":1,"minecraft:climb_one_cm":3501,"minecraft:time_since_rest":8829,"minecraft:sprint_one_cm":113813,"minecraft:damage_taken":1165,"minecraft:walk_one_cm":182661,"minecraft:drop":1,"minecraft:damage_dealt":2236,"minecraft:swim_one_cm":9147,"minecraft:fly_one_cm":57147,"minecraft:open_chest":1,"minecraft:crouch_one_cm":956,"minecraft:play_time":50686,"minecraft:deaths":3,"minecraft:sneak_time":440,"minecraft:walk_under_water_one_cm":12516,"minecraft:jump":771,"minecraft:walk_on_water_one_cm":8055,"minecraft:total_world_time":50686,"minecraft:fall_one_cm":22918},"minecraft:picked_up":{"minecraft:birch_log":21,"minecraft:cocoa_beans":3,"minecraft:crafting_table":3,"minecraft:feather":10,"minecraft:chicken":8,"minecraft:oak_log":14,"minecraft:string":6,"minecraft:dirt":8,"minecraft:wheat_seeds":7,"minecraft:cobbled_deepslate":22,"minecraft:bamboo":6,"minecraft:melon_slice":55,"minecraft:sugar_cane":13,"minecraft:birch_sapling":4,"minecraft:oak_planks":11,"minecraft:furnace":4,"minecraft:stick":4,"minecraft:raw_iron":26,"minecraft:torch":2,"minecraft:gravel":1,"minecraft:porkchop":12,"minecraft:diorite":2,"minecraft:white_bed":1,"minecraft:rotten_flesh":2,"minecraft:emerald":1,"minecraft:oak_sapling":4,"minecraft:black_wool":2,"minecraft:mutton":10,"minecraft:coal":164,"minecraft:white_wool":7,"minecraft:cobblestone":63},"minecraft:used":{"minecraft:diorite":2,"minecraft:stone_sword":77,"minecraft:birch_planks":4,"minecraft:stone_pickaxe":220,"minecraft:wooden_pickaxe":34,"minecraft:iron_sword":21,"minecraft:cooked_chicken":4,"minecraft:torch":25,"minecraft:dirt":7,"minecraft:crafting_table":5,"minecraft:white_bed":1,"minecraft:wooden_axe":14,"minecraft:melon_slice":7,"minecraft:iron_pickaxe":3,"minecraft:gravel":1,"minecraft:oak_sapling":4,"minecraft:furnace":4,"minecraft:cooked_porkchop":1,"minecraft:cobbled_deepslate":3}},"DataVersion":3465}