{"stats":{"minecraft:killed":{"minecraft:pig":10,"minecraft:skeleton":1,"minecraft:sheep":9,"minecraft:zombie":1,"minecraft:cow":9},"minecraft:dropped":{"minecraft:stick":1,"minecraft:stone_pickaxe":1,"minecraft:wooden_pickaxe":1,"minecraft:white_wool":2},"minecraft:broken":{"minecraft:iron_pickaxe":1},"minecraft:crafted":{"minecraft:cooked_beef":12,"minecraft:oak_planks":68,"minecraft:cooked_porkchop":10,"minecraft:crafting_table":2,"minecraft:wooden_pickaxe":1,"minecraft:furnace":3,"minecraft:bucket":1,"minecraft:birch_planks":40,"minecraft:stone_axe":1,"minecraft:cooked_mutton":8,"minecraft:air":0,"minecraft:shield":1,"minecraft:stick":32,"minecraft:iron_ingot":20,"minecraft:iron_pickaxe":2,"minecraft:stone_pickaxe":1,"minecraft:stone_sword":1,"minecraft:white_bed":1,"minecraft:torch":80},"minecraft:mined":{"minecraft:tuff":10,"minecraft:white_bed":1,"minecraft:deepslate_diamond_ore":2,"minecraft:clay":2,"minecraft:crafting_table":5,"minecraft:grass_block":2,"minecraft:cobblestone":1,"minecraft:sugar_cane":1,"minecraft:diorite":1,"minecraft:birch_planks":3,"minecraft:furnace":15,"minecraft:birch_log":10,"minecraft:iron_ore":26,"minecraft:birch_leaves":1,"minecraft:andesite":1,"minecraft:grass":8,"minecraft:oak_log":17,"minecraft:coal_ore":45,"minecraft:deepslate_iron_ore":5,"minecraft:dirt":10,"minecraft:gravel":3,"minecraft:stone":126,"minecraft:deepslate":130,"minecraft:oak_leaves":6},"minecraft:custom":{"minecraft:interact_with_furnace":76,"minecraft:mob_kills":32,"minecraft:interact_with_crafting_table":14,"minecraft:leave_game":2,"minecraft:time_since_death":46326,"minecraft:sleep_in_bed":1,"minecraft:time_since_rest":13367,"minecraft:sprint_one_cm":127959,"minecraft:damage_taken":240,"minecraft:walk_one_cm":88912,"minecraft:damage_blocked_by_shield":325,"minecraft:drop":4,"minecraft:damage_dealt":3268,"minecraft:swim_one_cm":14679,"minecraft:fly_one_cm":159432,"minecraft:open_chest":1,"minecraft:crouch_one_cm":10431,"minecraft:play_time":46326,"minecraft:sneak_time":4615,"minecraft:walk_under_water_one_cm":3973,"minecraft:jump":945,"minecraft:walk_on_water_one_cm":7765,"minecraft:total_world_time":46326,"minecraft:fall_one_cm":21576},"minecraft:picked_up":{"minecraft:birch_log":10,"minecraft:crafting_table":4,"minecraft:clay_ball":8,"minecraft:andesite":1,"minecraft:leather":9,"minecraft:birch_planks":19,"minecraft:flint":1,"minecraft:tuff":10,"minecraft:oak_log":17,"minecraft:dirt":31,"minecraft:cooked_mutton":5,"minecraft:bone":2,"minecraft:cobbled_deepslate":127,"minecraft:beef":11,"minecraft:iron_ingot":8,"minecraft:sugar_cane":2,"minecraft:furnace":15,"minecraft:stick":2,"minecraft:raw_iron":35,"minecraft:cooked_porkchop":11,"minecraft:gravel":2,"minecraft:porkchop":27,"minecraft:diorite":1,"minecraft:white_bed":1,"minecraft:arrow":2,"minecraft:rotten_flesh":1,"minecraft:diamond":2,"minecraft:mutton":13,"minecraft:coal":64,"minecraft:white_wool":9,"minecraft:cobblestone":114},"minecraft:used":{"minecraft:cooked_mutton":5,"minecraft:water_bucket":2,"minecraft:stone_sword":9,"minecraft:birch_planks":21,"minecraft:stone_pickaxe":61,"minecraft:wooden_pickaxe":8,"minecraft:shield":4,"minecraft:torch":44,"minecraft:crafting_table":5,"minecraft:white_bed":1,"minecraft:iron_pickaxe":296,"minecraft:gravel":2,"minecraft:stone_axe":72,"minecraft:cobblestone":33,"minecraft:furnace":15,"minecraft:bucket":3,"minecraft:andesite":1,"minecraft:cooked_beef":2}},"DataVersion":3465}