{"stats":{"minecraft:killed":{"minecraft:sheep":2,"minecraft:pig":2,"minecraft:cow":5},"minecraft:dropped":{"minecraft:white_wool":2},"minecraft:crafted":{"minecraft:cooked_beef":1,"minecraft:crafting_table":1,"minecraft:stick":8,"minecraft:wooden_pickaxe":1,"minecraft:stone_pickaxe":1,"minecraft:stone_sword":1,"minecraft:furnace":3,"minecraft:birch_planks":20,"minecraft:stone_axe":1,"minecraft:air":0},"minecraft:mined":{"minecraft:birch_log":10,"minecraft:birch_leaves":1,"minecraft:crafting_table":1,"minecraft:grass":2,"minecraft:grass_block":2,"minecraft:dirt":10,"minecraft:stone":36},"minecraft:custom":{"minecraft:time_since_rest":10326,"minecraft:interact_with_furnace":1,"minecraft:sprint_one_cm":17745,"minecraft:damage_taken":80,"minecraft:walk_one_cm":17070,"minecraft:mob_kills":9,"minecraft:drop":1,"minecraft:damage_dealt":860,"minecraft:swim_one_cm":634,"minecraft:interact_with_crafting_table":6,"minecraft:fly_one_cm":22330,"minecraft:crouch_one_cm":1440,"minecraft:play_time":10326,"minecraft:sneak_time":628,"minecraft:walk_under_water_one_cm":271,"minecraft:jump":131,"minecraft:leave_game":2,"minecraft:time_since_death":10326,"minecraft:walk_on_water_one_cm":904,"minecraft:total_world_time":10326,"minecraft:fall_one_cm":3392},"minecraft:picked_up":{"minecraft:birch_log":10,"minecraft:stick":1,"minecraft:crafting_table":1,"minecraft:leather":5,"minecraft:porkchop":5,"minecraft:dirt":12,"minecraft:beef":7,"minecraft:mutton":3,"minecraft:white_wool":2,"minecraft:cobblestone":36},"minecraft:used":{"minecraft:stone_pickaxe":29,"minecraft:wooden_pickaxe":8,"minecraft:stone_axe":16,"minecraft:crafting_table":1,"minecraft:furnace":3,"minecraft:cooked_beef":1}},"DataVersion":3465}