{"stats":{"minecraft:killed":{"minecraft:pig":10,"minecraft:skeleton":1,"minecraft:sheep":9,"minecraft:zombie":1,"minecraft:blaze":5,"minecraft:cow":9},"minecraft:dropped":{"minecraft:stone_axe":2,"minecraft:stone_sword":2,"minecraft:tuff":20,"minecraft:rotten_flesh":3,"minecraft:clay_ball":16,"minecraft:golden_shovel":2,"minecraft:stick":1,"minecraft:diorite":2,"minecraft:stone_pickaxe":1,"minecraft:wooden_pickaxe":1,"minecraft:white_wool":2},"minecraft:broken":{"minecraft:iron_pickaxe":1},"minecraft:crafted":{"minecraft:cooked_beef":12,"minecraft:oak_planks":68,"minecraft:cooked_porkchop":10,"minecraft:crafting_table":2,"minecraft:wooden_pickaxe":1,"minecraft:iron_sword":1,"minecraft:furnace":3,"minecraft:bucket":1,"minecraft:birch_planks":40,"minecraft:stone_axe":2,"minecraft:cooked_mutton":8,"minecraft:air":0,"minecraft:flint_and_steel":1,"minecraft:shield":1,"minecraft:stick":44,"minecraft:iron_ingot":23,"minecraft:iron_pickaxe":2,"minecraft:stone_pickaxe":1,"minecraft:stone_sword":1,"minecraft:chest":1,"minecraft:white_bed":1,"minecraft:torch":80},"minecraft:custom":{"minecraft:interact_with_furnace":81,"minecraft:mob_kills":38,"minecraft:interact_with_crafting_table":16,"minecraft:leave_game":2,"minecraft:time_since_death":58326,"minecraft:sleep_in_bed":2,"minecraft:time_since_rest":8478,"minecraft:sprint_one_cm":133335,"minecraft:damage_taken":645,"minecraft:walk_one_cm":119151,"minecraft:damage_blocked_by_shield":325,"minecraft:drop":19,"minecraft:damage_dealt":4457,"minecraft:swim_one_cm":14679,"minecraft:fly_one_cm":166298,"minecraft:open_chest":2,"minecraft:crouch_one_cm":18586,"minecraft:play_time":58326,"minecraft:sneak_time":7650,"minecraft:walk_under_water_one_cm":3973,"minecraft:jump":1067,"minecraft:walk_on_water_one_cm":8407,"minecraft:total_world_time":58326,"minecraft:fall_one_cm":23225},"minecraft:mined":{"minecraft:deepslate_redstone_ore":2,"minecraft:tuff":10,"minecraft:white_bed":1,"minecraft:deepslate_diamond_ore":2,"minecraft:clay":2,"minecraft:crafting_table":5,"minecraft:nether_bricks":2,"minecraft:grass_block":2,"minecraft:cobblestone":7,"minecraft:sugar_cane":1,"minecraft:diorite":1,"minecraft:birch_planks":3,"minecraft:furnace":17,"minecraft:cobbled_deepslate":5,"minecraft:birch_log":10,"minecraft:iron_ore":26,"minecraft:fire":5,"minecraft:birch_leaves":1,"minecraft:andesite":1,"minecraft:nether_brick_fence":2,"minecraft:grass":8,"minecraft:oak_log":17,"minecraft:coal_ore":45,"minecraft:deepslate_iron_ore":5,"minecraft:dirt":11,"minecraft:gravel":3,"minecraft:stone":126,"minecraft:netherrack":9,"minecraft:deepslate":203,"minecraft:oak_leaves":6},"minecraft:picked_up":{"minecraft:birch_log":10,"minecraft:crafting_table":4,"minecraft:nether_brick_fence":2,"minecraft:clay_ball":16,"minecraft:andesite":1,"minecraft:leather":9,"minecraft:birch_planks":19,"minecraft:golden_shovel":1,"minecraft:flint":1,"minecraft:tuff":20,"minecraft:oak_log":17,"minecraft:dirt":32,"minecraft:cooked_mutton":5,"minecraft:bone":2,"minecraft:cobbled_deepslate":191,"minecraft:beef":11,"minecraft:iron_ingot":8,"minecraft:sugar_cane":2,"minecraft:furnace":17,"minecraft:stick":2,"minecraft:raw_iron":35,"minecraft:cooked_porkchop":11,"minecraft:gravel":2,"minecraft:porkchop":27,"minecraft:diorite":2,"minecraft:white_bed":1,"minecraft:redstone":9,"minecraft:stone_sword":1,"minecraft:arrow":2,"minecraft:rotten_flesh":3,"minecraft:diamond":2,"minecraft:stone_axe":1,"minecraft:netherrack":9,"minecraft:mutton":13,"minecraft:coal":64,"minecraft:white_wool":9,"minecraft:cobblestone":118},"minecraft:used":{"minecraft:cooked_mutton":10,"minecraft:nether_brick_fence":2,"minecraft:water_bucket":11,"minecraft:stone_sword":9,"minecraft:flint_and_steel":1,"minecraft:birch_planks":21,"minecraft:stone_pickaxe":61,"minecraft:chest":1,"minecraft:wooden_pickaxe":8,"minecraft:shield":4,"minecraft:iron_sword":18,"minecraft:torch":45,"minecraft:dirt":32,"minecraft:crafting_table":6,"minecraft:white_bed":2,"minecraft:lava_bucket":7,"minecraft:iron_pickaxe":397,"minecraft:gravel":2,"minecraft:stone_axe":82,"minecraft:cobblestone":84,"minecraft:furnace":17,"minecraft:bucket":19,"minecraft:andesite":1,"minecraft:cooked_beef":2,"minecraft:cobbled_deepslate":17}},"DataVersion":3465}