{"stats":{"minecraft:killed":{"minecraft:pig":10,"minecraft:skeleton":1,"minecraft:sheep":9,"minecraft:zombie":1,"minecraft:cow":9},"minecraft:dropped":{"minecraft:stick":1,"minecraft:stone_pickaxe":1,"minecraft:wooden_pickaxe":1,"minecraft:white_wool":2},"minecraft:crafted":{"minecraft:cooked_beef":12,"minecraft:oak_planks":68,"minecraft:cooked_porkchop":10,"minecraft:crafting_table":1,"minecraft:wooden_pickaxe":1,"minecraft:furnace":3,"minecraft:bucket":1,"minecraft:birch_planks":40,"minecraft:stone_axe":1,"minecraft:cooked_mutton":8,"minecraft:air":0,"minecraft:shield":1,"minecraft:stick":16,"minecraft:iron_ingot":6,"minecraft:iron_pickaxe":1,"minecraft:stone_pickaxe":1,"minecraft:stone_sword":1,"minecraft:white_bed":1,"minecraft:torch":32},"minecraft:mined":{"minecraft:white_bed":1,"minecraft:crafting_table":4,"minecraft:grass_block":2,"minecraft:cobblestone":1,"minecraft:sugar_cane":1,"minecraft:furnace":12,"minecraft:birch_log":10,"minecraft:iron_ore":7,"minecraft:birch_leaves":1,"minecraft:andesite":1,"minecraft:grass":8,"minecraft:oak_log":17,"minecraft:coal_ore":31,"minecraft:dirt":10,"minecraft:gravel":3,"minecraft:stone":74,"minecraft:oak_leaves":6},"minecraft:custom":{"minecraft:interact_with_furnace":67,"minecraft:mob_kills":32,"minecraft:interact_with_crafting_table":12,"minecraft:leave_game":2,"minecraft:time_since_death":34326,"minecraft:sleep_in_bed":1,"minecraft:time_since_rest":1367,"minecraft:sprint_one_cm":109409,"minecraft:damage_taken":190,"minecraft:walk_one_cm":66286,"minecraft:damage_blocked_by_shield":325,"minecraft:drop":4,"minecraft:damage_dealt":3268,"minecraft:swim_one_cm":9931,"minecraft:fly_one_cm":135928,"minecraft:open_chest":1,"minecraft:crouch_one_cm":4643,"minecraft:play_time":34326,"minecraft:sneak_time":1809,"minecraft:walk_under_water_one_cm":2238,"minecraft:jump":790,"minecraft:walk_on_water_one_cm":2905,"minecraft:total_world_time":34326,"minecraft:fall_one_cm":16880},"minecraft:picked_up":{"minecraft:birch_log":10,"minecraft:crafting_table":3,"minecraft:andesite":1,"minecraft:leather":9,"minecraft:birch_planks":16,"minecraft:flint":1,"minecraft:oak_log":17,"minecraft:dirt":31,"minecraft:cooked_mutton":5,"minecraft:bone":2,"minecraft:beef":11,"minecraft:iron_ingot":1,"minecraft:sugar_cane":2,"minecraft:furnace":12,"minecraft:stick":2,"minecraft:raw_iron":8,"minecraft:cooked_porkchop":11,"minecraft:gravel":2,"minecraft:porkchop":27,"minecraft:white_bed":1,"minecraft:arrow":2,"minecraft:rotten_flesh":1,"minecraft:mutton":13,"minecraft:coal":39,"minecraft:white_wool":9,"minecraft:cobblestone":75},"minecraft:used":{"minecraft:cooked_mutton":4,"minecraft:stone_sword":9,"minecraft:birch_planks":13,"minecraft:stone_pickaxe":61,"minecraft:wooden_pickaxe":8,"minecraft:shield":4,"minecraft:torch":25,"minecraft:crafting_table":4,"minecraft:white_bed":1,"minecraft:iron_pickaxe":59,"minecraft:gravel":2,"minecraft:stone_axe":68,"minecraft:cobblestone":28,"minecraft:furnace":12,"minecraft:andesite":1,"minecraft:cooked_beef":2}},"DataVersion":3465}