{"stats":{"minecraft:killed":{"minecraft:sheep":9,"minecraft:pig":4,"minecraft:cow":9},"minecraft:dropped":{"minecraft:stone_pickaxe":1,"minecraft:wooden_pickaxe":1,"minecraft:white_wool":2,"minecraft:stick":1},"minecraft:crafted":{"minecraft:cooked_beef":12,"minecraft:oak_planks":68,"minecraft:cooked_porkchop":9,"minecraft:shield":1,"minecraft:crafting_table":1,"minecraft:stick":16,"minecraft:iron_pickaxe":1,"minecraft:iron_ingot":4,"minecraft:wooden_pickaxe":1,"minecraft:stone_pickaxe":1,"minecraft:stone_sword":1,"minecraft:furnace":3,"minecraft:torch":32,"minecraft:birch_planks":20,"minecraft:stone_axe":1,"minecraft:cooked_mutton":8,"minecraft:air":0},"minecraft:mined":{"minecraft:furnace":8,"minecraft:iron_ore":6,"minecraft:birch_log":10,"minecraft:andesite":1,"minecraft:birch_leaves":1,"minecraft:crafting_table":2,"minecraft:grass":7,"minecraft:coal_ore":21,"minecraft:grass_block":2,"minecraft:oak_log":17,"minecraft:gravel":3,"minecraft:dirt":10,"minecraft:stone":56,"minecraft:oak_leaves":6},"minecraft:custom":{"minecraft:time_since_rest":22326,"minecraft:interact_with_furnace":54,"minecraft:sprint_one_cm":56504,"minecraft:damage_taken":80,"minecraft:walk_one_cm":44728,"minecraft:mob_kills":23,"minecraft:drop":4,"minecraft:damage_dealt":2110,"minecraft:swim_one_cm":1479,"minecraft:interact_with_crafting_table":9,"minecraft:fly_one_cm":63147,"minecraft:open_chest":1,"minecraft:crouch_one_cm":2586,"minecraft:play_time":22326,"minecraft:sneak_time":1040,"minecraft:walk_under_water_one_cm":1198,"minecraft:jump":375,"minecraft:leave_game":2,"minecraft:walk_on_water_one_cm":2014,"minecraft:time_since_death":22326,"minecraft:total_world_time":22326,"minecraft:fall_one_cm":9339},"minecraft:picked_up":{"minecraft:birch_log":10,"minecraft:raw_iron":6,"minecraft:stick":2,"minecraft:crafting_table":2,"minecraft:andesite":1,"minecraft:leather":9,"minecraft:gravel":2,"minecraft:porkchop":14,"minecraft:flint":1,"minecraft:oak_log":17,"minecraft:dirt":12,"minecraft:cooked_mutton":5,"minecraft:iron_ingot":1,"minecraft:beef":11,"minecraft:coal":23,"minecraft:mutton":13,"minecraft:white_wool":9,"minecraft:cobblestone":56,"minecraft:furnace":7},"minecraft:used":{"minecraft:iron_pickaxe":25,"minecraft:stone_pickaxe":61,"minecraft:wooden_pickaxe":8,"minecraft:gravel":2,"minecraft:torch":1,"minecraft:stone_axe":55,"minecraft:cobblestone":2,"minecraft:crafting_table":2,"minecraft:furnace":8,"minecraft:andesite":1,"minecraft:cooked_beef":2}},"DataVersion":3465}