{"stats":{"minecraft:killed":{"minecraft:pig":10,"minecraft:skeleton":1,"minecraft:sheep":9,"minecraft:zombie":1,"minecraft:enderman":23,"minecraft:blaze":24,"minecraft:cow":9},"minecraft:dropped":{"minecraft:stone_axe":2,"minecraft:cobbled_deepslate":3,"minecraft:stone_sword":2,"minecraft:tuff":20,"minecraft:rotten_flesh":3,"minecraft:warped_roots":9,"minecraft:clay_ball":16,"minecraft:golden_shovel":2,"minecraft:stick":1,"minecraft:diorite":2,"minecraft:stone_pickaxe":1,"minecraft:wooden_pickaxe":1,"minecraft:white_wool":2},"minecraft:broken":{"minecraft:iron_pickaxe":2},"minecraft:crafted":{"minecraft:cooked_beef":12,"minecraft:oak_planks":68,"minecraft:diamond_sword":1,"minecraft:cooked_porkchop":10,"minecraft:crafting_table":4,"minecraft:wooden_pickaxe":1,"minecraft:iron_sword":1,"minecraft:furnace":3,"minecraft:bucket":1,"minecraft:birch_planks":40,"minecraft:stone_axe":2,"minecraft:cooked_mutton":8,"minecraft:air":0,"minecraft:flint_and_steel":1,"minecraft:oak_boat":2,"minecraft:shield":1,"minecraft:stick":44,"minecraft:iron_ingot":23,"minecraft:iron_pickaxe":3,"minecraft:stone_pickaxe":1,"minecraft:stone_sword":1,"minecraft:chest":1,"minecraft:white_bed":1,"minecraft:torch":80},"minecraft:custom":{"minecraft:interact_with_furnace":81,"minecraft:mob_kills":80,"minecraft:interact_with_crafting_table":19,"minecraft:leave_game":2,"minecraft:time_since_death":82326,"minecraft:sleep_in_bed":2,"minecraft:climb_one_cm":239,"minecraft:time_since_rest":32478,"minecraft:sprint_one_cm":182720,"minecraft:damage_taken":1425,"minecraft:walk_one_cm":231067,"minecraft:damage_blocked_by_shield":855,"minecraft:drop":21,"minecraft:damage_dealt":16963,"minecraft:swim_one_cm":14679,"minecraft:fly_one_cm":231598,"minecraft:open_chest":2,"minecraft:crouch_one_cm":24393,"minecraft:play_time":82326,"minecraft:sneak_time":9505,"minecraft:boat_one_cm":1274,"minecraft:walk_under_water_one_cm":3973,"minecraft:jump":1654,"minecraft:walk_on_water_one_cm":8407,"minecraft:total_world_time":82326,"minecraft:fall_one_cm":35500},"minecraft:mined":{"minecraft:deepslate_redstone_ore":2,"minecraft:tuff":10,"minecraft:white_bed":1,"minecraft:deepslate_diamond_ore":2,"minecraft:crimson_nylium":1,"minecraft:clay":2,"minecraft:crafting_table":6,"minecraft:nether_bricks":43,"minecraft:grass_block":2,"minecraft:warped_roots":17,"minecraft:cobblestone":8,"minecraft:sugar_cane":1,"minecraft:diorite":1,"minecraft:warped_wart_block":1,"minecraft:spawner":1,"minecraft:birch_planks":3,"minecraft:warped_nylium":26,"minecraft:furnace":17,"minecraft:nether_sprouts":17,"minecraft:cobbled_deepslate":24,"minecraft:birch_log":10,"minecraft:iron_ore":26,"minecraft:fire":9,"minecraft:birch_leaves":1,"minecraft:andesite":1,"minecraft:warped_fungus":3,"minecraft:nether_brick_fence":4,"minecraft:grass":8,"minecraft:oak_log":17,"minecraft:coal_ore":45,"minecraft:deepslate_iron_ore":5,"minecraft:dirt":11,"minecraft:gravel":3,"minecraft:stone":126,"minecraft:netherrack":97,"minecraft:deepslate":203,"minecraft:oak_leaves":6},"minecraft:picked_up":{"minecraft:birch_log":10,"minecraft:crafting_table":5,"minecraft:nether_brick_fence":4,"minecraft:clay_ball":16,"minecraft:andesite":1,"minecraft:leather":9,"minecraft:birch_planks":19,"minecraft:golden_shovel":1,"minecraft:flint":1,"minecraft:tuff":20,"minecraft:oak_log":17,"minecraft:dirt":32,"minecraft:cooked_mutton":5,"minecraft:bone":2,"minecraft:cobbled_deepslate":212,"minecraft:beef":11,"minecraft:iron_ingot":8,"minecraft:oak_boat":20,"minecraft:sugar_cane":2,"minecraft:furnace":17,"minecraft:stick":2,"minecraft:raw_iron":35,"minecraft:warped_fungus":4,"minecraft:cooked_porkchop":11,"minecraft:warped_wart_block":1,"minecraft:gravel":2,"minecraft:porkchop":27,"minecraft:diorite":2,"minecraft:white_bed":1,"minecraft:redstone":9,"minecraft:stone_sword":1,"minecraft:arrow":2,"minecraft:rotten_flesh":3,"minecraft:diamond":2,"minecraft:nether_bricks":43,"minecraft:stone_axe":1,"minecraft:warped_nylium":4,"minecraft:warped_roots":33,"minecraft:blaze_rod":9,"minecraft:netherrack":115,"minecraft:mutton":13,"minecraft:coal":64,"minecraft:crimson_roots":1,"minecraft:white_wool":9,"minecraft:cobblestone":119,"minecraft:ender_pearl":13},"minecraft:used":{"minecraft:cooked_mutton":13,"minecraft:nether_brick_fence":2,"minecraft:water_bucket":11,"minecraft:stone_sword":9,"minecraft:flint_and_steel":1,"minecraft:birch_planks":21,"minecraft:stone_pickaxe":61,"minecraft:chest":1,"minecraft:wooden_pickaxe":8,"minecraft:shield":19,"minecraft:iron_sword":63,"minecraft:netherrack":79,"minecraft:warped_roots":2,"minecraft:torch":45,"minecraft:dirt":32,"minecraft:warped_wart_block":1,"minecraft:crafting_table":9,"minecraft:white_bed":2,"minecraft:lava_bucket":7,"minecraft:iron_pickaxe":579,"minecraft:warped_nylium":2,"minecraft:gravel":2,"minecraft:warped_fungus":2,"minecraft:stone_axe":121,"minecraft:diamond_sword":78,"minecraft:cobblestone":87,"minecraft:furnace":17,"minecraft:bucket":19,"minecraft:andesite":1,"minecraft:oak_boat":20,"minecraft:cooked_beef":10,"minecraft:cobbled_deepslate":141}},"DataVersion":3465}