{"stats":{"minecraft:killed":{"minecraft:pig":10,"minecraft:skeleton":1,"minecraft:sheep":9,"minecraft:zombie":1,"minecraft:enderman":2,"minecraft:blaze":24,"minecraft:cow":9},"minecraft:dropped":{"minecraft:stone_axe":2,"minecraft:stone_sword":2,"minecraft:tuff":20,"minecraft:rotten_flesh":3,"minecraft:clay_ball":16,"minecraft:golden_shovel":2,"minecraft:stick":1,"minecraft:diorite":2,"minecraft:stone_pickaxe":1,"minecraft:wooden_pickaxe":1,"minecraft:white_wool":2},"minecraft:broken":{"minecraft:iron_pickaxe":2},"minecraft:crafted":{"minecraft:cooked_beef":12,"minecraft:oak_planks":68,"minecraft:diamond_sword":1,"minecraft:cooked_porkchop":10,"minecraft:crafting_table":3,"minecraft:wooden_pickaxe":1,"minecraft:iron_sword":1,"minecraft:furnace":3,"minecraft:bucket":1,"minecraft:birch_planks":40,"minecraft:stone_axe":2,"minecraft:cooked_mutton":8,"minecraft:air":0,"minecraft:flint_and_steel":1,"minecraft:oak_boat":1,"minecraft:shield":1,"minecraft:stick":44,"minecraft:iron_ingot":23,"minecraft:iron_pickaxe":3,"minecraft:stone_pickaxe":1,"minecraft:stone_sword":1,"minecraft:chest":1,"minecraft:white_bed":1,"minecraft:torch":80},"minecraft:custom":{"minecraft:interact_with_furnace":81,"minecraft:mob_kills":59,"minecraft:interact_with_crafting_table":18,"minecraft:leave_game":2,"minecraft:time_since_death":70326,"minecraft:sleep_in_bed":2,"minecraft:time_since_rest":20478,"minecraft:sprint_one_cm":142585,"minecraft:damage_taken":1240,"minecraft:walk_one_cm":183502,"minecraft:damage_blocked_by_shield":855,"minecraft:drop":19,"minecraft:damage_dealt":9103,"minecraft:swim_one_cm":14679,"minecraft:fly_one_cm":175247,"minecraft:open_chest":2,"minecraft:crouch_one_cm":21594,"minecraft:play_time":70326,"minecraft:sneak_time":8458,"minecraft:boat_one_cm":1274,"minecraft:walk_under_water_one_cm":3973,"minecraft:jump":1255,"minecraft:walk_on_water_one_cm":8407,"minecraft:total_world_time":70326,"minecraft:fall_one_cm":26444},"minecraft:mined":{"minecraft:deepslate_redstone_ore":2,"minecraft:tuff":10,"minecraft:white_bed":1,"minecraft:deepslate_diamond_ore":2,"minecraft:crimson_nylium":1,"minecraft:clay":2,"minecraft:crafting_table":6,"minecraft:nether_bricks":43,"minecraft:grass_block":2,"minecraft:cobblestone":8,"minecraft:sugar_cane":1,"minecraft:diorite":1,"minecraft:spawner":1,"minecraft:birch_planks":3,"minecraft:furnace":17,"minecraft:cobbled_deepslate":20,"minecraft:birch_log":10,"minecraft:iron_ore":26,"minecraft:fire":9,"minecraft:birch_leaves":1,"minecraft:andesite":1,"minecraft:nether_brick_fence":4,"minecraft:grass":8,"minecraft:oak_log":17,"minecraft:coal_ore":45,"minecraft:deepslate_iron_ore":5,"minecraft:dirt":11,"minecraft:gravel":3,"minecraft:stone":126,"minecraft:netherrack":78,"minecraft:deepslate":203,"minecraft:oak_leaves":6},"minecraft:picked_up":{"minecraft:birch_log":10,"minecraft:crafting_table":5,"minecraft:nether_brick_fence":4,"minecraft:clay_ball":16,"minecraft:andesite":1,"minecraft:leather":9,"minecraft:birch_planks":19,"minecraft:golden_shovel":1,"minecraft:flint":1,"minecraft:tuff":20,"minecraft:oak_log":17,"minecraft:dirt":32,"minecraft:cooked_mutton":5,"minecraft:bone":2,"minecraft:cobbled_deepslate":208,"minecraft:beef":11,"minecraft:iron_ingot":8,"minecraft:oak_boat":2,"minecraft:sugar_cane":2,"minecraft:furnace":17,"minecraft:stick":2,"minecraft:raw_iron":35,"minecraft:cooked_porkchop":11,"minecraft:gravel":2,"minecraft:porkchop":27,"minecraft:diorite":2,"minecraft:white_bed":1,"minecraft:redstone":9,"minecraft:stone_sword":1,"minecraft:arrow":2,"minecraft:rotten_flesh":3,"minecraft:diamond":2,"minecraft:nether_bricks":43,"minecraft:stone_axe":1,"minecraft:blaze_rod":9,"minecraft:netherrack":79,"minecraft:mutton":13,"minecraft:coal":64,"minecraft:white_wool":9,"minecraft:cobblestone":119,"minecraft:ender_pearl":2},"minecraft:used":{"minecraft:cooked_mutton":13,"minecraft:nether_brick_fence":2,"minecraft:water_bucket":11,"minecraft:stone_sword":9,"minecraft:flint_and_steel":1,"minecraft:birch_planks":21,"minecraft:stone_pickaxe":61,"minecraft:chest":1,"minecraft:wooden_pickaxe":8,"minecraft:shield":19,"minecraft:iron_sword":63,"minecraft:netherrack":23,"minecraft:torch":45,"minecraft:dirt":32,"minecraft:crafting_table":8,"minecraft:white_bed":2,"minecraft:lava_bucket":7,"minecraft:iron_pickaxe":528,"minecraft:gravel":2,"minecraft:stone_axe":106,"minecraft:diamond_sword":6,"minecraft:cobblestone":84,"minecraft:furnace":17,"minecraft:bucket":19,"minecraft:andesite":1,"minecraft:oak_boat":3,"minecraft:cooked_beef":6,"minecraft:cobbled_deepslate":76}},"DataVersion":3465}